School Name,Physical Address,Postal Address,Email,Phone,SchoolMgt Name,Designation,Mobile,Email_2
Alice Springs School Of The Air,"80 Head St, Alice Springs, 0870, NT","PO Box 1220, Alice Springs, 0871, NT",assoa@assoa.nt.edu.au,(08) 8951 6800,Russell,Principal,(08) 8951 6800,kerrie.russell@education.nt.gov.au
Casuarina Senior College,"61 Parer Dr, Moil, 0810, NT","PO Box  40196, CASUARINA, 0811, NT",csc.admin@education.nt.gov.au,(08) 898 37300,Dixon,Principal,(08) 898 37300,glenn.dixon@education.nt.gov.au
Canteen Creek School,"N/a, Canteen Creek, NT","PMB 105, via Alice Springs, 0872, NT",admin.cantesch@education.nt.gov.au,(08) 8964 1505,Verdillo,Business Manager,(08) 896 32013,rowena.verdillo@education.nt.gov.au
Alcoota School,"N/A, Engawala (Alcoota Stn), NT","PMB 129,, via Alice Springs, 0872, NT",sian.munn@education.nt.gov.au,(08) 8956 9977,Munn,Principal,(08) 8956 9977,sian.munn@education.nt.gov.au
Alice Springs Language Centre,"Milner Road, Alice SPrings, 0870, NT","PO Box 9045, Alice Springs, 0871, NT",alice.language@education.nt.gov.au,(08) 895 52366,Moore,Principal,(08) 895 52366,susan.moore@education.nt.gov.au
Alekarenge School,"N/A, Ali Curung (Warrabri), NT","LMB 161, via Alice Springs, 0872, NT",admin.alekacec@education.nt.gov.au,(08) 8964 1957,Kiel,Principal,(08) 8964 1957,colin.kiel@education.nt.gov.au
Adelaide River School,"31 Memorial Tce, Adelaide River, 0846, NT","C/- Post Office, Adelaide River, 0846, NT",adelaideriver.ps@education.nt.gov.au,(08) 8976 7034,Clegg,Principal,(08) 8976 7034,tony.clegg@education.nt.gov.au
Acacia Hill School,"80 Spearwood Rd, Alice Springs, 0870, NT","PO Box 435, ALICE SPRINGS, 0871, NT",acaciahill.school@education.nt.gov.au,(08) 895 52222,Dales,Administration Manager,(08) 895 52222,janet.dales@education.nt.gov.au
Casuarina Street Primary School,"Casuarina St, Katherine East, 0850, NT","PO Box 1046, KATHERINE, 0851, NT",casuarina.admin@education.nt.gov.au,(08) 897 33800,Branson,Administration Manager,(08) 897 33800,julie.branson@education.nt.gov.au
Alawa Primary School,"27 Pett Street, Alawa, 0810, NT","PO Box 40446, Casuarina, 0811, NT",alawa.school@education.nt.gov.au,(08) 899 77666,Cartwright,Principal,(08) 899 77666,sandy.cartwright@education.nt.gov.au
Callistemon House,"80 Callistemon Dr, Katherine East, 0850, NT","PO Box 1971, Katherine East, 0851, NT",admin.callistemon@education.nt.gov.au,(08) 8972 3212,Hutchinson,Administration Manager,(08) 897 25319,richelle.hutchinson@education.nt.gov.au
Bulman School,"N/A, Bulman, NT","PMB 13, Katherine, 0851, NT",natasha.hosny@education.nt.gov.au,(08) 8975 4707,Fisher,Administration Manager,(08) 897 25358,Jodie.fisher@education.nt.gov.au
Bulla Camp School,"N/A, Bulla, NT","PMB 89, Katherine, 0851, NT",jenine.williams@education.nt.gov.au,(08) 9167 8957,Angel,Administration Manager,(08) 8972 5347,kelly.angel1@education.nt.gov.au
Braitling Primary School,"80 Head St, Alice Springs, 0870, NT","PO Box  1669, ALICE SPRINGS, 0871, NT",admin.braitsch@education.nt.gov.au,(08) 895 85111,Pearson,Principal,(08) 895 85111,belinda.pearson@education.nt.gov.au
Yulara School,"21 Winmati St, Yulara, 0872, NT","PO Box 146, Yulara, 0872, NT",yulara.school@education.nt.gov.au,(08) 8956 2014,Churches,Business Manager,(08) 895 11656,rowan.churches@education.nt.gov.au
Borroloola School,"321 Robinson Rd, Borroloola, 0854, NT","PMB 5, Borroloola, 0854, NT",admin.borrosch@education.nt.gov.au,(08) 8975 8780,Arnott,Principal,(08) 8975 8780,jane.arnott@education.nt.gov.au
Bradshaw Primary School,"23 Adamson Ave, Alice Springs, 0870, NT","PO Box 1744, ALICE SPRINGS, 0871, NT",bradshaw.school@education.nt.gov.au,(08) 895 52100,Shaw,Administration Manager,(08) 895 52100,melanie.shaw@education.nt.gov.au
Zuccoli Primary School,"130 Zuccoli Parade, Zuccoli, 0830, NT","PO Box 2222, PALMERSTON, 0832, NT",ZuccoliPrimary@ntschools.net,(08) 792 30222,Edwards,Principal,(08) 792 30222,carolyn.edwards@education.nt.gov.au
Yuendumu School,"Conniston Rd, Yuendumu, NT","C/ - Post Office, Yuendumu, 0870, NT",michael.timewell@education.nt.gov.au,(08) 8956 4011,Foley,Administration Manager,08 895 11620,jodie.foley@education.nt.gov.au
Yirrkala School,"Rankine Road, Yirrkala, NT","PO Box 896, Nhulunbuy, 0881, NT",admin.yirrkala@ntschools.net,(08) 898 71988,Barker,Business Manager,(08) 894 49283,michelle.barker@education.nt.gov.au
Yirara College,"470 South Stuart Highway, Alice Springs, NT","PMB 51, Alice Springs, 0871, NT",info@yirara.nt.edu.au,(08) 8950 5644,England,Principal,8950 5633,chris.england@yirara.nt.edu.au
Yipirinya School,"Lovegrove Dr, Alice Springs, NT","C/- Yipirinya School Council Inc, PO Box 2363, Alice Springs, 0871, NT",yipirinya@yipirinya.com.au,(08) 8952 5633,Miller,Principal,8952 5633,principal@yipirinya.com.au
Yarralin School,"N/A, Yarralin, NT","PMB 34, via Katherine, 0851, NT",david.oke@education.nt.gov.au,(08) 8975 0809,Angel,Administration Manager,(08) 8972 5347,kelly.angel1@education.nt.gov.au
Xavier CEC,"Kerinauia Hwy, Nguiu, NT","PMB 139,, via Winnellie, 0822, NT",admin.xcec@nt.catholic.edu.au,(08) 8978 3970,Rice,Principal,08 89783970,andree.rice@xccw.net.au
Wulagi Primary School,"24 Brolga St, Wulagi, 0812, NT","24 Brolga St, WULAGI, 0812, NT",wulagi.primary@education.nt.gov.au,(08) 898 37800,Knights,Assistant Principal,(08) 898 37800,louise.knights@education.nt.gov.au
Wugularr School,"Laiwanga St, Wugularr, NT","PMB 6, Katherine, 0851, NT",admin.wugulsch@education.nt.gov.au,(08) 8975 4529,Anastacio,Administration Manager,(08) 897 25351,jianynne.anastacio1@education.nt.gov.au
Woolianna School,"Wooliana Rd, Daly River, NT","PMB 194, Winnellie, 0821, NT",woolianna.school@education.nt.gov.au,(08) 8978 2984 / 0477 333 413,Cartwright,Administration Manager,(08) 899 93548,donna.cartwright2@education.nt.gov.au
Woolaning School,"Litchfield Park Rd, Litchfield Park, NT","PO Box 3261, Palmerston, 0831, NT",admin.woolasch@education.nt.gov.au,(08) 8978 2334,Bramston,Principal,(08) 8978 2334,stuart.bramston@education.nt.gov.au
Woodroffe Primary School,"55 Woodroffe Ave, Woodroffe, 0830, NT","PO Box 2021, PALMERSTON, 0831, NT",woodroffe.ps@education.nt.gov.au,(08) 898 37600,Challen,Administration Manager,(08) 898 37600,sharon.challen@education.nt.gov.au
Willowra School,"N/A, Willowra, NT","PMB 102, via Alice Springs, 0872, NT",willowra.school@education.nt.gov.au,(08) 8956 8408,Babu,Administration Manager,(08) 896 32065,bob.babu@education.nt.gov.au
Watiyawanu School,"N/A, Mt Liebig, NT","PMB 111, via Alice Springs, 0872, NT",larry.kenny@education.nt.gov.au,(08) 8956 8555,Ball,Administration Manager,(08) 895 11661,michelle.ball@education.nt.gov.au
Watarrka School,"n/a, Lilla Community, NT","Education Stores, Shed 9, 66A Smith St, Alice Springs, 0870, NT",christine.munro@education.nt.gov.au,(08) 8956 7758,Churches,Administration Manager,(08) 895 11656,rowan.churches@education.nt.gov.au
Warruwi School,"N/A, Warruwi (Goulburn Island), 0822, NT","PMB 90, via WINNELLIE, 0821, NT",keira.stewart@education.nt.gov.au,(08) 8979 0222,Cameron,Administration Manager,(08) 894 49498,eden.cameron@education.nt.gov.au
Wanguri Primary School,"46 Gsell St, Wanguri, 0810, NT","PO Box 40519, CASUARINA, 0811, NT",wanguri.prim@education.nt.gov.au,(08) 8927 1655,Morgan,Principal,(08) 8927 1655,tim.morgan@education.nt.gov.au
Walungurru School,"N/A, Walungurru (Kintore), NT","PMB 14, via Alice Springs, 0872, NT",walungurru.school@education.nt.gov.au,(08)  8964 6056,Ball,Administration Manager,(08) 895 11661,michelle.ball@education.nt.gov.au
Wallace Rockhole School,"N/A, Wallace Rockhole, NT","PO Box 2256, Alice Springs, 0871, NT",wallace.rockhole@education.nt.gov.au,(08) 8956 7330,Schmull,Administration Manager,(08) 895 11641,gary.schmull@education.nt.gov.au
Wagaman Primary School,"35 Wagaman Tce, Wagaman, 0810, NT","PO Box 40019, CASUARINA, 0811, NT",wagaman.school@education.nt.gov.au,(08) 8922 6011,McKinnon,Principal,(08) 8922 6011,mandy.mckinnon@education.nt.gov.au
Urapunga School,"Blyth St, Rittarangu (Urapunga), NT","PMB 12, via Katherine, 0852, NT",admin.urapunga@education.nt.gov.au,(08) 8975 4645,Dargan,Principal,(08) 8975 4645,tracy.dargan@education.nt.gov.au
Tivendale School,"Tivendale Road, Berrimah, 0828, NT","PO Box 703, Karama, 0812, NT",rodney.cremona@education.nt.gov.au,(08) 899 95910,Cremona,Head of Campus,(08) 899 95911,rodney.cremona@education.nt.gov.au
Tiwi College,"Pickertaramoor Melville Island, , NT","LMB 127, Winnellie, 0822, NT",tiwi.college@ntschools.net,08 89709024,Lees,Principal,08 89709024,jill.lees@ntschools.net
Top End School of Flexible Learning,"1 Malak Place, Malak, 0812, NT","PO Box 703, Karama, 0812, NT",malakrc.det@education.nt.gov.au,(08) 899 77199,Charleston,Head of Campus - Malak,(08) 898 37924,damien.charleston@education.nt.gov.au
Titjikala School,"N/A, Titjikala (Maryvale), NT","PMB 130, via Alice Springs, 0872, NT",joanne.wickham@education.nt.gov.au,(08) 8956 0927,Cowham,Administration Manager,(08) 895 11659,lufen.cowham@education.nt.gov.au
Tipperary Station School,"Daly River Road, Tipperary, NT","PMB 214, via Winnellie, 0822, NT",rosemary.sullivan@education.nt.gov.au,(08) 8978 2765,Pedersen,Administration Manager,(08) 8901 4913,carmel.pedersen@education.nt.gov.au
Timber Creek School,"62 Wilson St, Timber Creek, NT","PMB 115, via Katherine, 0851, NT",timbercreek.admin@education.nt.gov.au,(08) 8975 0714,Adams,Principal,(08) 8975 0714,ann.adams@education.nt.gov.au
Ti Tree School,"26 Palmer St, Ti-Tree, NT","Locked Bag 257,, Ti Tree, via Alice Springs, 0872, NT",ciaran.bailie@education.nt.gov.au,(08) 8956 9743,Baillie,Principal,(08) 8956 9743,ciaran.bailie@education.nt.gov.au
TESTGOVSCHOOL2,"n/a, n/a, NT","n/a, n/a, 0, n/a",n/a,n/a,Principal,Principal,,n/A
TESTGOVSCHOOL1,"n/a, n/a, NT","n/a, n/a, 0, n/a",n/a,n/a,Principal,Principal,n/a,n/a
Tennant Creek Primary School,"31 Paterson St, Tennant Creek, 0860, NT","PO Box 506, Tennant Creek, 0861, NT",admin.tennasch@education.nt.gov.au,(08) 896 32424,Greene,Principal,(08) 896 32424,frank.greene@education.nt.gov.au
Tennant Creek High School,"38 Stuart St, Tennant Creek, NT","PO Box 546, Tennant Creek, 0861, NT",admin.tchs@education.nt.gov.au,(08) 8962 2102,Davenport,Assistant Principal,(08) 8962 2102,pauline.davenport@education.nt.gov.au
Taminmin College,"70 Challoner Cct, Humpty Doo, NT","PO Box 21, HUMPTY DOO, 0836, NT",admin.taminmin@education.nt.gov.au,(08) 898 37000,Healy,Principal,(08) 898 37000,sue.healy@education.nt.gov.au
Stuart Park Primary School,"8 Nudl St, Stuart Park, 0820, NT","PO Box 37421, Winnellie, 0831, NT",stuartpark.school@education.nt.gov.au,(08) 899 77333,Grealy,Administration Manager,(08) 899 77333,bill.grealy@education.nt.gov.au
Stirling School,"N/A, Wilora (Stirling Station) 0872, NT","Stirling Station, via Alice Springs, 0872, NT",marita.mckenzie@education.nt.gov.au,(08) 8956 9759,Babu,Administration Manager,(08) 896 32065,bob.babu@education.nt.gov.au
St Philip's College,"2 Ulpaya Rd, Alice Springs, NT","PO Box 33, Alice Springs, 0871, NT",info@stphilips.nt.edu.au,(08) 8950 4511,Herbert,Principal,8950 4511,roger.herbert@stphilips.nt.edu.au
St Joseph's Flexible Learning Centre,"Youth Hub, 3 Wills Terrace, , Alice Springs, 0870, NT","P O Box 2991, Alice Springs, 0871, NT",stjosephsASFLC@youthplus.edu.au,0408 568 357,Fewtrell,Principal,0408 568 357,ann-maree.fewtrell@youthplus.edu.au
St Pauls Catholic School,"41 Francis St, Rapid Creek, NT","PO Box 40344, Casuarina, 0811, NT",admin.stpauls@nt.catholic.edu.au,(08) 8985 1937,Evans,Principal,08 89851937,megan.evans@nt.catholic.edu.au
St Mary's Catholic School,"3 Lindsay St, Darwin City, NT","PO Box 2413, Darwin, 0801, NT",admin.stmarys@nt.catholic.edu.au,(08) 8981 9796,Harrison,Principal,08 89819796,rosie.harrison@nt.catholic.edu.au
St Joseph's Catholic College,"Maluka Rd, Katherine East, NT","PO Box 535, Katherine, 0850, NT",admin.stjosephs@nt.catholic.edu.au,(08) 89723555,Graham,Principal,(08) 8972 3555,denis.graham@nt.catholic.edu.au
St Johns Catholic College,"54 Salonika St, The Gardens, NT","Mail Bag 13, Darwin, 0820, NT",admin.stjohns@nt.catholic.edu.au,(08) 8982 2222,Toffoli,Principal,08 8982 2222,amelia.toffoli@nt.catholic.edu.au
St Francis Xavier School,"n/a, Nauiyu, NT","PMB 28, Daly River, 0822, NT",dr.adminbox@nt.catholic.edu.au,(08) 8978 2427,McGinlay,Principal,08 89782427,kellie.mcginlay@nt.catholic.edu.au
St Francis of Assisi Catholic Primary School,"56 Challoner Cct, Humpty Doo, NT","PO Box 921, Humpty Doo, , NT",admin.sfas@nt.catholic.edu.au,(08) 8988 1212,Bolwell,Principal,08 89881212,mel.bolwell@nt.catholic.edu.au
St Andrew Lutheran School,"94 Leanyer Dr, Leanyer, NT","PO Box 1146, Howard Springs, 0831, NT",admin@goodshepherd.nt.edu.au,(08) 8983 0300,Prenzler,Principal,(08) 8983 0300,principal.sals@ntschools.net
Sattler Christian College,"15 Sattler Cres, Freds Pass, NT","PO Box 1138,, Coolalinga, 0839, NT",admin.scc@ntschools.net,7922 1500,Tooler,Principal,7922 1500,michael.tooler@ntschools.net
Shepherdson College,"Wakirana St, Galiwinku, 0822, NT","PMB 74, via WINELLIE, 0822, NT",principal.shepherdson@education.nt.gov.au,(08) 8987 9044,Hewett,Principal,(08) 8987 9044,joe.hewett@education.nt.gov.au
Sanderson Middle School,"60 Matthews Rd, Malak, 0812, NT","PO Box 189, SANDERSON, 0813, NT",sanderson.middle@education.nt.gov.au,(08) 8927 8899,McIntosh,Principal,(08) 8927 8899,robert.mcintosh@education.nt.gov.au
Sacred Heart Primary School,"34 Emery Ave, Woodroffe, NT","PO Box 271, Palmerston, 0831, NT",admin.shps@nt.catholic.edu.au,(08) 8924 8700,Mulvahil,Principal,08 8924 8700,gez.mulvahil@nt.catholic.edu.au
Royal Darwin Hospital School,"Rocklands Drive, Tiwi, Tiwi, 0810, NT","C/o Nakara Primary School, Goodman St, NAKARA, 0810, NT",tania.nicholls@education.nt.gov.au,(08) 8922 8736,Nicholls,Principal,(08) 8922 8736,tania.nicholls@education.nt.gov.au
Rosebery Primary School,"Belyuen Road Rosebery, Rosebery, 0832, NT","PO Box 650, PALMERSTON, 0832, NT",roseberyps.admin@education.nt.gov.au,(08) 792 30100,Banicek,Assistant Principal 2,(08) 792 30100,Danielle.banicek@education.nt.gov.au
Ross Park Primary School,"7 Winnecke Ave, Alice Springs, 0870, NT","PO Box 364, ALICE SPRINGS, 0871, NT",rosspark.school@ntschools.net,(08) 895 52000,Berriman,Administration Manager,(08) 895 52000,naomi.berriman@education.nt.gov.au
Robinson River School,"N/A, Robinson River, NT","PMB 145, Katherine, 0851, NT",merryn.curley@education.nt.gov.au,(08) 8975 9956,Curley,Principal,(08) 8975 9956,merryn.curley@education.nt.gov.au
Rockhampton Downs School,"Community ID 259, Wogyala, NT","PMB 34, Tennant Creek, 0862, NT",nerida.beattie@education.nt.gov.au,(08) 8964 4675,Beattie,Principal,(08) 8964 4675,nerida.beattie@education.nt.gov.au
Pularumpi School,"Pularumpi, Pirlangimpi, NT","PMB 51, via Winnellie, 0822, NT",kerry.romanis@education.nt.gov.au,(08) 8978 3961,McGregor,Business Manager,(08) 894 49281,bev.mcgregor@education.nt.gov.au
Ramingining School,"N/A, Ramingining, 0822, NT","PMB 125, via WINNELLIE, 0821, NT",sue.mcavoy@education.nt.gov.au,(08) 8979 7924,Broadbent,Business Manager,(08) 894 49277,margaret.broadbent@education.nt.gov.au
Pine Creek School,"N/A, Pine Creek, 0847, NT","PO Box 196, Pine Creek, 0847, NT",cheryl.glasgow@education.nt.gov.au,(08) 8976 1228,Glasgow,Principal,(08) 8976 1228,cheryl.glasgow@education.nt.gov.au
Pigeon Hole School,"N/A, Pigeon Hole, NT","PMB 10, via Katherine, 0852, NT",anne.pollock@education.nt.gov.au,(08) 8975 0812,Kelly,Administration Manager,(08) 897 25359,Stevie.kelly@education.nt.gov.au
Peppimenarti School,"N/A, Peppimenarti, NT","PMB 49, via Winnellie, 0822, NT",chelsea.collins@education.nt.gov.au,(08) 8978 2455,Collins,Principal,(08) 8978 2455,chelsea.collins@education.nt.gov.au
Parap Primary School,"52 Urquhart Street, Parap, 0820, NT","PO Box 69, PARAP, 0804, NT",parapps.office@education.nt.gov.au,(08) 898 22922,Gribben,Administration Manager,(08) 898 22922,debby.gribben@education.nt.gov.au
Papunya School,"N/A, Papunya, 0872, NT","PMB 77, via Alice Springs, 0872, NT",papunya.admin@education.nt.gov.au,(08) 8956 8515 or (08) 8956 8323,Ball,Administration Manager,(08) 895 11661,michelle.ball@education.nt.gov.au
Palmerston Christian School,"50 Waler Road, Marlow Lagoon, Marlow Lagoon, NT","PO Box 113, Palmerston, 0831, NT",admin.pcs@ntschools.net,(08) 7922 5600,McAllister,Principal,(08) 7922 5600,ken.mcallister@ntschools.net
Palmerston College,"10 Tilston Ave, Driver, 0830, NT","PO Box 8, PALMERSTON, , NT",Palmerston.college@education.nt.gov.au,(08) 899 77999,Banks,Principal,(08) 899 77999,natalie.banks@education.nt.gov.au
Owen Springs Education Centre,"Stuart Highway, Alice Springs, 0870, NT","PO Box 4856, Alice Springs, 0871, NT",joel.hohn@education.nt.gov.au,(08) 8958 5088 / (08) 8958 5089,Hohn,Principal,8958 5088 / 9858 5089,joel.hohn@education.nt.gov.au
OLSH Primary School,"5 Bath St, Alice Springs, NT","PO Box 2508, Alice Springs, 0871, NT",admin.olshalice@nt.catholic.edu.au,(08) 8950 6400,Caddy,Principal,08 8950 6400,admin.olshalice@nt.catholic.edu.au
OLSH Thamarrurr Catholic College,"n/a, Wadeye (Port Keats), NT","Wadeye, Port Keats, via Winnellie, 0822, NT",admin.olshtcs@nt.catholic.edu.au,(08) 8978 2477,Young,Principal,(08) 8978 2477,john.young@nt.catholic.edu.au
OLSH College - Traeger Campus,"8 Traeger Ave, Alice Springs, NT","PO Box 2508, Alice Springs, 0871, NT",admin.olshalice@nt.catholic.edu.au,(08) 8950 6400,Caddy,Principal,08 8950 6400,admin.olshalice@nt.catholic.edu.au
OLSH College - Sadadeen Campus,"Sadadeen Rd, Alice Springs, NT","PO Box 2508, Alice Springs, 0871, NT",admin.olshalice@nt.catholic.edu.au,(08) 8950 6400,Dhingra,Head of Campus,08 8950 6400,jasmeet.dhingra@ntschools.net
Nyangatjatjara College - Yulara Campus,"N/A, Yulara, NT","PO Box 171, Yulara, 0872, NT",ceo@nyangatjatjaracollege.org.au,(08) 8956 2555,Harvey,Principal,8956 2555,ceo@nyangatjatjaracollege.org.au
O'Loughlin Catholic College,"70 Mueller Rd, Karama, NT","P O Box 41911, Casuarina, 0811, NT",secretary.oloughlin@nt.catholic.edu.au,(08) 8945 1277,Bowden,Principal,(08) 8945 1277,rhett.bowden@nt.catholic.edu.au
Nyirripi School,"N/A, Nyirripi, NT","PMB 125, via Alice Springs, 0872, NT",ken.millar@education.nt.gov.au,(08) 8956 8880,Millar,Principal,(08) 8956 8880,ken.millar@education.nt.gov.au
Nyangatjatjara College - Imanpa Campus,"not available, not available, NT","PO Box 171, Yulara, 0872, NT",ceo@nyangatjatjaracollege.org.au,(08) 8956 7038,Harvey,Principal,8956 7038,ceo@nyangatjatjaracollege.org.au
Nyangatjatjara College - Docker Rvr Campus,"N/A, Kaltukatjara (Docker River), NT","PO Box 171, Yulara, 0872, NT",ceo@nyangatjatjaracollege.org.au,(08) 8956 7098,Rhodes,Principal,8956 7098,stewart@nyangatjatjaracollege.org.au
Numbulwar School,"N/A, Numbulwar, NT","PMB 68, WINELLIE, 0822, NT",cheryl.dwyer@education.nt.gov.au,(08) 8975 4650,Dwyer,Principal,(08) 8975 4650,cheryl.dwyer@education.nt.gov.au
Ntaria School,"N/A, Hermannsburg (Ntaria), NT","PMB 4, via Alice Springs, 0872, NT",ntariasch.admin@education.nt.gov.au,(08) 8956 7424,Langton,Principal,(08) 8956 7424,emma.langton@education.nt.gov.au
NT School of Distance Education,"The Bullocky Point Education Precinct, Atkins Dr, The Gardens, 0820, NT","PO Box 40471, Casuarina, 0811, NT",ntsde.admin@education.nt.gov.au,(08) 892 22292,McCormick,Administration Manager,(08) 892 22183,annisa.mccormick@education.nt.gov.au
NT Music School,"60 Matthews Rd, Wulagi 0812, NT","PO Box 455, Sanderson, 0813, NT",nt.musicschool@education.nt.gov.au,(08) 896 35550,Grose,Principal,(08) 896 35551,bill.grose@education.nt.gov.au
Nightcliff Primary School,"17 Pandanus St, Nightcliff, 0810, NT","PO BOX 798, NIGHTCLIFF, 0810, NT",nightcliff.ps@education.nt.gov.au,(08) 8948 8488,Glennon,Principal,(08) 8948 8488,jo.glennon@education.nt.gov.au
Nightcliff Middle School,"90 Aralia St, Rapid Creek, 0810, NT","90 Aralia St, NIGHTCLIFF, 0810, NT",admin.nightms@education.nt.gov.au,(08) 898 37677,Isaksen,Principal,(08) 898 37672,marty.isaksen@education.nt.gov.au
Nhulunbuy Christian School,"N/A, Nhulunbuy, NT","PO Box 621, Nhulunbuy, 0881, NT",admin.ncc@ntschools.net,(08) 8965 2900,Vanseters,Principal,8965 2900,tanya.vanseters@ntschools.net
Nhulunbuy High School,"51 Matthew Flinders Way, Nhulunbuy, 0880, NT","PO Box 1096, NHULUNBUY, 0881, NT",nhulunbuy.high@education.nt.gov.au,(08) 898 70844,Hill,Principal,08 898 70844,karen.hill@education.nt.gov.au
Nhulunbuy Primary School,"60 Chesterfield Cct, Nhulunbuy, 0880, NT","PO Box 321, NHULUNBUY, 0881, NT",nps.frontoffice@education.nt.gov.au,(08) 898 70022,Hammill,Principal,(08) 898 70022,tracy.hammill@education.nt.gov.au
Ngukurr School,"Bawuda St, Ngukurr, 0852, NT","PMB 138, KATHERINE, 0851, NT",ngukurr.cec@education.nt.gov.au,(08) 8975 4680,Branson,Business Manager,(08) 897 25397,julie.branson@education.nt.gov.au
Nganmarriyanga School,"N/A, Palumpa, NT","PMB 85, via WINNELLIE, 0822, NT",sharon.reeves@education.nt.gov.au,(08) 8978 2380,Broadbent,Business Manager,(08) 894 49277,margaret.broadbent@education.nt.gov.au
Nganambala School,"n/a, Emu Point, NT","PMB 218, Via Winnellie, 0822, NT",samuel.sailor@education.nt.gov.au,(08) 8978 2001,Pedersen,Administration Manager,(08) 8901 4913,carmel.pedersen@education.nt.gov.au
Newcastle Waters School,"11 Drovers Dr, Newcastle Waters, NT","Newcastle Waters Station, via Elliott, 0862, NT",emily.hubbert@education.nt.gov.au,(08) 8964 4566,Hubbert,Principal,(08) 8964 4566,emily.hubbert@education.nt.gov.au
Neutral Junction School,"Stuart Hwy, Neutral Junction, NT","Neutral Junction, via Alice Springs, 0872, NT",lorraine.sligar@education.nt.gov.au,(08) 8956 9754,Batu,Administration Manager,(08) 896 32013,bob.babu@education.nt.gov.au
Nemarluk School,"30 Styles St, Alawa, 0810, NT","PO Box 39729, WINNELLIE, 0821, NT",admin.nemarluk@education.nt.gov.au,(08) 898 50400,Hughes,Principal,(08) 898 50400,virg.hughes@education.nt.gov.au
Nakara Primary School,"35 Nakara Tce, Nakara, 0810, NT","35 Nakara Tce, Nakara, 0810, NT",nakara.primary@education.nt.gov.au,(08) 8927 9823,Mckenzie,Co-Principal,(08) 8927 9823,megan.mckenzie@education.nt.gov.au
Mutitjulu School,"Mutitjulu, Ayers Rock, NT","PO Box 121, Yulara, 0872, NT",mutitjulu.school@education.nt.gov.au,(08) 8956 2547,Churches,Administration Manager,(08) 895 11656,rowan.churches@education.nt.gov.au
Murrupurtiyanuwu Catholic Primary School,"Kerinauia Highway, Nguiu, NT","PO Box 45, Wurrumiyanga, Bathurst Island, via Winnellie, 0822, NT",admin.mcs@nt.catholic.edu.au,(08) 8978 3986,Muldoon,Principal,(08) 8978 3986,berkly.muldoon@nt.catholic.edu.au
Murray Downs School,"Outstation, Murray Downs(Imangara), NT","PMB 48, Alice Springs, 0872, NT",marilyn.sonnenburg@education.nt.gov.au,(08) 8964 1951,Sonnenburg,Principal,(08) 8964 1951,marilyn.sonnenburg@education.nt.gov.au
Mulga Bore School,"n/a, Mulga Bore Community, NT","PMB 18, via Alice Springs, 0872, NT",tba,(08) 8956 9712,Cortez,Administration Manager,(08) 895 11637,gesheila.cortez@education.nt.gov.au
Mount Allan School,"N/A, Yuelamu, NT","PMB  6, Mount Allan School via Alice Springs, 0872, NT",phil.bartley@education.nt.gov.au,(08) 8956 8860,Bartley,Principal,(08) 8956 8860,phil.bartley@education.nt.gov.au
Moulden Primary School,"103 Bonson Tce, Moulden, 0830, NT","PO Box 80, PALMERSTON, 0831, NT",mouldenps.admin@ntschools.net,(08) 8930 5900,Brady,Principal,(08) 8930 5900,ali.brady@education.nt.gov.au
Mother Teresa Catholic Primary School,"Ginger St, Zuccoli, NT","PO Box 1125, Palmerston, 0830, ",principal.motherteresa@nt.catholic.edu.au,(08) 7969 5600,Johnson,Principal,(08) 7969 5600,principal.motherteresa@nt.catholic.edu.au
Minyerri School,"N/A, Minyerri (Hodgson Downs), NT","PMB 40, KATHERINE, 0851, NT",jess.robinson@education.nt.gov.au,(08) 8975 9972,Fisher,Administration Manager,(08) 897 25358,jodie.fisher@education.nt.gov.au
Moil Primary School,"37 Lanyon Tce, Moil, 0810, NT","37 Lanyon Tce, MOIL, 0810, NT",admin.moilsch@education.nt.gov.au,(08) 898 37530,Erfurt,Principal,(08) 898 37530,pam.erfurt@education.nt.gov.au
Mimik-Ga Centre,"4 Henbury Ave, Wanguri, 0810, NT","PO Box 40519, Casuarina, 0811, NT",admin.mimik-ga@education.nt.gov.au,(08) 898 37900,Mangohig,Principal,(08) 898 37900,mark.mangohig@education.nt.gov.au
Milyakburra School,"N/A, Milyakburra (Bickerton Island), NT","PMB 5, Bickerton Island, via Winnellie, 0822, NT",ruth.rawnsley@education.nt.gov.au,(08) 8987 6084,Milyakburra,Administration Manager,tba,finance.milyakburra@education.nt.gov.au
Milkwood Steiner,"107 Boulter Road, Berrimah NT 0828, Marrara, NT","PO Box 319, Karama, 0812, NT",info@milkwood.nt.edu.au,08 8947 0608, ,Business Manager,8947 0608,admin@milkwood.nt.edu.au
Millner Primary School,"41 Sabine Rd, Millner, 0810, NT","41 Sabine Rd, MILLNER, 0810, NT",admin.millnerps@education.nt.gov.au,(08) 792 30333,Moss,Administration Manager,(08) 792 30333,megan.moss@education.nt.gov.au
Milingimbi School,"N/A, Milingimbi, 0822, NT","PMB 54, Milingimbi, via WINNELLIE, 0822, NT",michael.jones@education.nt.gov.au,(08) 8987 9902,Cameron,Administration Manager,(08) 894 49498,eden.cameron@education.nt.gov.au
Milikapiti School,"N/A, Milikapiti (Snake Bay), NT","PMB 96, via Winnellie, 0822, NT",chris.armstrong@education.nt.gov.au,(08) 8978 3960,Armstrong,Principal,(08) 8978 3960,chris.armsstrong@education.nt.gov.au
Middle Point School,"615 Anzac Pde, Middle Point, NT","PO Box 96, Humpty Doo, 0836, NT",middle.pt@education.nt.gov.au,(08) 8988 1688,Cartwright,Administration Manager,(08) 899 93548,donna.cartwright2@education.nt.gov.au
Mbunghara School,"N/A, Mbunghara, NT","PMB 242, via Alice Springs, 0872, NT",mbunghara.school@education.nt.gov.au,(08) 8956 8503,Ball,Administration Manager,(08) 895 11661,michelle.ball@education.nt.gov.au
Mataranka School,"Roper Terrace, Mataranka, 0852, NT","PO Box 4022, Mataranka, 0852, NT",telka.zotz@education.nt.gov.au,(08) 8975 4543,Hutchinson,Administration Manager,(08) 897 25319,richelle.hutchinson@education.nt.gov.au
Marrara Christian School,"110 Amy Johnson Ave, Marrara, NT","PO Box 84, Karama, 0812, NT",admin.mcc@ntschools.net,(08) 8920 2000,Van Bentum,Principal,8920 2000,joel.vanbentum@ntschools.net
Mapuru Yirralka College,"Dhabulu Rd, Mapuru, NT 0822, NT","PMB 301, Winnellie, 0821, NT",linda.miller@ntschools.net,(08) 8970 4996,Miller,Principal,8970 4996,linda.miller@ntschools.net
Manyallaluk School,"N/A, Manyallaluk (Eva Valley), NT","PO Box 271, Katherine, 0851, Nt",admin.manyasch@education.nt.gov.au,(08) 8975 4438,Kelly,Administration Manager,(08) 897 25359,Stevie.kelly@education.nt.gov.au
Manunda Terrace Primary School,"31 Manunda Tce, Karama, 0812, NT","31 Manunda Tce, KARAMA, 0812, NT",manunda.school@education.nt.gov.au,(08) 899 77366,Hirschausen,Principal,(08) 899 77366,lisa.hirschausen@education.nt.gov.au
Maningrida School,"N/A, Maningrida, 0822, NT","PMB 67, via WINNELLIE, 0822, NT",maningrida.cec@education.nt.gov.au,(08) 8979 5950,Hayward,Principal,(08) 8979 5950,petrina.hayward@education.nt.gov.au
Mamaruni School,"N/A, Minjilang (Croker Is), NT","PMB 47, via Winnellie, 0822, NT",adam.dicks1@education.nt.gov.au,(08) 8979 0255,Dicks,Principal,(08) 8979 0255,adam.dicks1@education.nt.gov.au
Malak Primary School,"45 Malak Cres, Malak, 0812, NT","45 Malak Crescent, MALAK, 0812, NT",admin.malak@education.nt.gov.au,(08) 899 77600,Evans,Principal,(08) 899 77600,lorraine.evans@education.nt.gov.au
Mackillop Catholic College,"285 Farrar Boulevard, Johnston, NT","P O Box 2608, Palmerston, 0831, NT",mackillopcollege@nt.catholic.edu.au,08 8930 5757,Moloney,Principal,89305757,Peter.moloney@nt.catholic.edu.au
MacFarlane Primary School,"42 Grevillea Rd, Katherine East, 0850, NT","42 Grevillea Road, KATHERINE EAST, 0850, NT",admin.macfasch@education.nt.gov.au,(08) 896 51700,Alexander,Administration Manager,(08) 896 51700,lisa.alexander@education.nt.gov.au
Ludmilla Primary School,"41 Bagot Rd, Ludmilla, 0820, NT","PO Box 39945, WINNELLIE, 0821, NT",admin.ludmilla@education.nt.gov.au,(08) 898 37888,Admin,Administration Manager,(08) 898 37888,admin.ludmilla@education.nt.gov.au
Ltyentye Apurte CEC,"N/A, Santa Teresa (Ltyenty Apurte), NT","Santa Teresa, PMB 221, via A/Springs, 0871, NT",admin.lace@nt.catholic.edu.au,(08) 8956 0937,Colley,Principal,89560937,justin.colley@nt.catholic.edu.au
Leanyer Primary School,"114 Leanyer Drive,, Leanyer, 0812, NT","114 Leanyer Drive, LEANYER, 0812, NT",admin.leanyer@education.nt.gov.au,(08) 8927 4022,Crockford,Principal,(08) 8927 4022,leah.crockford@education.nt.gov.au
Living Waters Lutheran School,"Cnr Albrecht Dr & Kramer St, Alice Springs, NT","PO Box 8869, Alice Springs, 0871, NT",living.waters@ntschools.net,(08) 8950 0700,Stoll,Principal,08 89500700,living.waters@ntschools.net
Laynhapuy Homelands School,"Galpu Rd, Yirrkala, NT","PMB 747, Nhulunbuy, 0881, NT",yhs.admin@ntschools.net,(08) 898 71224,Dentith,Principal,(08) 898 71224,haidee.dentith@education.nt.gov.au
Larrakeyah Primary School,"3 Packard St, Larrakeyah, 0820, NT","PO Box 412, DARWIN, 0801, NT",larrakeyah.admin@education.nt.gov.au,(08) 8981 3211,Gerlach,Administration Manager,(08) 8981 3211,rose.gerlach@education.nt.gov.au
Larapinta Primary School,"22 Albrecht Dr, Alice Springs, NT","PO Box 9021, ALICE SPRINGS, 0871, NT",larapinta.primary@education.nt.gov.au,(08) 895 85155,Foley,Administration Manager,(08) 895 85155,Jodie.foley@education.nt.gov.au
Laramba School,"N/A, Laramba (Napperby), NT","PMB 213, via Alice Springs, 0872, NT",laramba.school@education.nt.gov.au,(08) 8956 8771,Cowham,Administration Manager,(08) 895 11659,Lufen.Cowham@education.nt.gov.au
Lajamanu School,"N/A, Lajamanu ( Hooker Ck), NT","PMB 63, via Katherine, 0851, NT",admin.lajamcec@education.nt.gov.au,(08) 8975 0946,Omar,Principal,(08) 8975 0946,kim.omar@education.nt.gov.au
Kintore Street School,"11 Kintore St, Katherine, 0872, NT","PO Box 1931, KATHERINE, 0851, NT",kintore.admin@education.nt.gov.au,(08) 8973 3888,Chamberlain,Principal,(08) 8973 3888,marg.chamberlain@education.nt.gov.au
Kiana School,"N/A, Kiana, NT","PMB 33, via Tennanat Creek, 0861, NT",gordon.halling@education.nt.gov.au,(08) 8975 9820,Fisher,Administration Manager,(08) 897 25358,jodie.fisher@education.nt.gov.au
Katherine South Primary School,"Riverbank Dr, Katherine, 0850, NT","PO Box 721, KATHERINE, 0851, NT",karen.taylor@education.nt.gov.au,(08) 8972 1277,Paul,Administration Manager,(08) 8972 1277,jacqui.paull@education.nt.gov.au
Katherine School Of The Air,"101 Giles St, Katherine, 0850, NT","PO Box 531, KATHERINE, 0851, NT",kath.soa@education.nt.gov.au,(08) 8972 1833,Bryant,Curriculum Leader,(08) 8972 1833,donna.bryant@education.nt.gov.au
Katherine High School,"Grevillea Rd, Katherine East, 0850, NT","PO Box 189, KATHERINE, 0851, NT",admin.kathehs@education.nt.gov.au,(08) 897 38200,MacFarlane,Administration Manager,08) 897 38200,admin.kathehs@education.nt.gov.au
Karama Primary School,"37 Livistona Rd, Karama, 0812, NT","PO Box 103, Karama, 0813, NT",karama.school@education.nt.gov.au,(08) 898 37700,Albion,Principal,(08) 898 37700,maria.albion@education.nt.gov.au
Kalkaringi School,"Whitlam st, Kalkaringi (Wave hill), NT","PMB 41, KATHERINE, 0852, NT",kalkaringi.admin@education.nt.gov.au,(08) 896 51888,Kelly,Administration Manager,(08) 897 25359,stevie.kelly@education.nt.gov.au
Jingili Primary School,"17 Rindberg St, Jingili, 0810, NT","PO Box 40600, CASUARINA, 0810, NT",jingili.school@education.nt.gov.au,(08) 898 37555,Rust,Principal,(08) 898 37555,jemma.rust@education.nt.gov.au
Jilkminggan School,"N/A, Jilkminggan (Duck Creek), NT","PO Box 4054, Mataranka, 0852, NT",admin.jilkmsch@education.nt.gov.au,(08) 8975 4896,Hutchinson,Administration Manager,(08) 897 25319,richelle.hutchinson@education.nt.gov.au
Jabiru Area School,"40 Waterhouse Rd, Jabiru, NT","PO Box  246, Jabiru, 0886, NT",jabiru.areaschool@education.nt.gov.au,(08) 8938 3333,Dunne,Principal,(08) 8938 3333,learne.dunne@education.nt.gov.au
Imanpa School,"N/A, Imanpa, NT","PMB 76, via Alice Springs, 0872, NT",kandi.thorpe@education.nt.gov.au,(08) 8956 7483,Churches,Administration Manager,(08) 895 11656,rowan.churches@education.nt.gov.au
Sadadeen Primary School,"80 Spearwood Rd, Alice Springs, 0870, NT","PO Box 2707, ALICE SPRINGS, 0871, NT",sadadeen.primary@education.nt.gov.au,(08) 895 52299,Purdie,Administration Manager,(08) 895 52299,melanie.purdie@education.nt.gov.au
Humpty Doo Primary School,"50 Freds Pass Rd, Humpty Doo, 0836, NT","PO Box 46, HUMPTY DOO, 0836, NT",admin.humptydoo@education.nt.gov.au,(08) 8988 1255,Fisher,Principal,(08) 8988 1255,susanne.fisher@education.nt.gov.au
Howard Springs Primary School,"295 Whitewood Rd, Howard Springs, 0835, NT","PO Box  171, HOWARD SPRINGS, 0835, NT",howard.springs@education.nt.gov.au,(08) 898 30000,Abrook,Administration Manager,(08) 8983 0003,sue.abrook@education.nt.gov.au
Holy Spirit Catholic School,"Gsell Street, Casuarina, NT","PO Box 40030, Casuarina, 0810, NT",yola.gray@nt.catholic.edu.au,(08) 8927 3411,Sellars,Principal,08 89273411,paula.sellars@nt.catholic.edu.au
Harts Range School,"N/A, Atitjere (Harts Range), NT","PMB 162, via Alice Springs, 0871, NT",harts.school@education.nt.gov.au,(08) 8956 9771,McKay,Principal,(08) 8956 9771,kylie.mckay@education.nt.gov.au
Henbury School,"11 Henbury Avenue, Tiwi, 0810, NT","11 Henbury Avenue, Tiwi, 0810, NT",henbury.admin@education.nt.gov.au,(08) 899 77077,Corry,Principal,(08) 899 77077,sarah.corry@education.nt.gov.au
Holy Family Catholic School,"Calytrix Road, Karama, NT","PO Box 40870, Casuarina, 0812, NT",admin.holyfamily@nt.catholic.edu.au,(08) 89276188,Donohue,Principal,08 89276188,shane.donohue@nt.catholic.edu.au
Haileybury Rendall School,"6057 Berrimah Road, Berrimah, NT","PO Box 241, Berrimah, 0828, NT",hrs.admin@hrs.edu.au,(08) 8922 1611,Glass,Principal,(08) 8922 1611,Craig.Glass@hrs.edu.au
Haasts Bluff School,"N/A, Haasts Bluff (Ikuntji), 0872, NT","Haasts Bluff, via Alice Springs, 0872, NT",geoff.gillman@education.nt.gov.au,(08) 8956 8550,Cowham,Administration Manager,(08) 895 11659,lufen.cowham@education.nt.gov.au
Gunbalanya School,"N/A, Gunbalanya, NT","PMB 66, Gunbalanya, 0822, NT",admin.gunbacec@education.nt.gov.au,(08) 8979 0181,Djayhgurrnga,Principal,(08) 8979 0181,esther.djayhgurrnga@education.nt.gov.au
Good Shepherd Lutheran School,"Cnr Emery Ave and Temple Tce, Palmerston, NT","PO Box 1146, Howard Springs, 0831, NT",admin@goodshepherd.nt.edu.au,(08) 8983 0300,Boyce,Principal,08 89830300,rachel.boyce@goodshepherd.nt.edu.au
Gray Primary School,"22 Victoria Drive, Gray, 0830, NT","Victoria Drive, GRAY, 0830, NT",admin.graysch@education.nt.gov.au,(08) 8932 1700,Griffiths,Administration Manager,(08) 8932 1700,anne.griffiths1@education.nt.gov.au
Good Shepherd Lutheran College,"Cnr Whitewood Rd and Kundook Place, Howard Springs, NT","PO Box 1146, Howard Springs, 0831, NT",admin@goodshepherd.nt.edu.au,08 89830300,Boyce,Principal,8983 0300,rachel.boyce@goodshepherd.nt.edu.au
Gillen Primary School,"55 Milner Rd, Alice Springs, 0870, NT","PO Box 769, ALICE SPRINGS, 0871, NT",gillen.school@education.nt.gov.au,(08) 895 52155,Gloede,Administration Manager,(08) 895 52155,chris.gloede@education.nt.gov.au
Girraween Primary School,"25 Carruth Rd, Girraween, 0835, NT","PO Box 1042, HOWARD SPRINGS, 0835, NT",admin.girrasch@education.nt.gov.au,(08) 8983 3300,McKenzie,Principal,(08) 8983 3300,megan.mckenzie@education.nt.gov.au
Gawa Christian School,"Community ID 508, Gawa, NT","PMB 257, Elcho Island via Winnellie, 0822, NT",admin.gcs@ntschools.net,8970 5212,Herweynen,Principal,8970 5212,rachel.herweynen@ntschools.net
Gapuwiyak School,"N/a, Gapuwiyak, NT","PMB 900, Via Winnellie, 0822, NT",admin.gapuwcec@education.nt.gov.au,(08) 8987 9122,Davis,Business Manager,(08) 894 49283,kylie.davis@education.nt.gov.au
Forrest Parade School,"120 Flynn Circuit, Bellamack, 0832, NT","120 Flynn Circuit, Bellamack, 0832, NT",admin.forrestps@education.nt.gov.au,(08) 899 77111,Brooks-Jones,Assistant Principal Primary,(08) 899 77111,faye.brooksjones@education.nt.gov.au
Finke School,"N/A, Finke, NT","PMB 30, via Alice Springs, 0871, NT",finke.school@education.nt.gov.au,(08) 8956 0960,Cowham,Administration Manager,(08) 895 11659,lufen.cowham@education.nt.gov.au
Essington School,"22 Chapman Rd, Rapid Creek, NT","PO Box 42321, Casuarina, 0811, NT",administration@essington.nt.edu.au,(08) 8985 0100,Kennelly,Principal,8985 0100,Brian.Kennelly@essington.nt.edu.au
Family as First Teachers,"Mitchell St, Darwin, 0800, NT","GPO Box 4821, Darwin, 0801, NT",faft.doe@education.nt.gov.au,(08) 899 93550,Director,Principal,(08) 899 93549,earlychild.det@education.nt.gov.au
Epenarra School,"N/A, Wutunugurra (Epenarra), NT","PMB 270, via Alice Springs, 0861, NT",jennifer.cadzow@education.nt.gov.au,(08) 8964 1512,Cadzow,Principal,(08) 8964 1512,jennifer.cadzow@education.nt.gov.au
Elliott School,"91 Bray St, Elliott, NT","C/- Elliott Post Office, Elliott, 0862, NT",kevin.gaskin@education.nt.gov.au,(08) 8969 2050,Gaskin,Principal,(08) 8969 2050,kevin.gaskin@education.nt.gov.au
Durack Primary School,"50 Woodlake Bvd, Durack, 0830, NT","PO Box  225, PALMERSTON, 0830, NT",durack.school@education.nt.gov.au,(08) 899 77555,Kerr,Administration Manager,(08) 899 77555,cathy.kerr@education.nt.gov.au
Dundee Beach School,"500 Namarada Dr, Dundee Beach, NT","PO Box 145, Dundee Beach, 0840, NT",dundee.school@education.nt.gov.au,(08) 8978 2212,Dundee,Administration Manager,(08) 8978 2212,finance.dundee@education.nt.gov.au
Driver Primary School,"37 Driver Ave, Driver, 0830, NT","PO Box  33, PALMERSTON, 0831, NT",admin.drivesch@education.nt.gov.au,(08) 893 59000,Hall,Principal,(08) 893 59000,danielle.hall@education.nt.gov.au
Dripstone Middle School,"10 Delamere St, Tiwi, 0810, NT","PO Box  41370, CASUARINA, 0811, NT",dripstone.middle@education.nt.gov.au,(08) 898 37777,Laouris,Administration Manager,(08) 898 37777,katerina.laouris@education.nt.gov.au
Douglas Daly School,"Jungawa Rd, Douglas-Daly, NT","PMB 46, via Winnellie, 0822, NT",janelle.thorne@education.nt.gov.au,(08) 8978 2836,Ther,Administration Manager,(08) 894 49404,kaitlyn.ther1@education.nt.gov.au
Darwin Languages Centre,"1 Nemarluk Dr, Ludmilla, NT, NT","P O Box 822, Nightcliff, 0814, NT",dlc.nt@education.nt.gov.au,(08) 899 77000,Northcote,Principal,(08) 899 77000,kevin.northcote@education.nt.gov.au
Darwin Middle School,"Atkins Drive, The Gardens, NT 0820, not available, NT","PO Box 2257, PARAP, 0804, NT",admin.darwinmiddle@education.nt.gov.au,(08) 894 25200,Dixon,Principal,(08) 894 25201,marcusj.dixon@education.nt.gov.au
Clyde Fenton Primary School,"101 Giles St, Katherine, 0850, NT","PO Box 421, KATHERINE, 0851, NT",admin.clydesch@education.nt.gov.au,(08) 897 33844,Lye,Administration Manager,(08) 897 33844,diane.lye@education.nt.gov.au
Darwin High School,"10 Atkins Dr, The Gardens, 0820, NT","Bullocky Point, DARWIN, 0820, NT",darwin.high@education.nt.gov.au,(08) 899 91222,Hazeldine,Principal,(08) 899 91222,jill.hazeldine1@education.nt.gov.au
Centralian Middle School,"56 Milner Rd, Alice Springs, 0870, NT","PO Box 1771, ALICE SPRINGS, 0871, NT",centralian.middle@education.nt.gov.au,(08) 895 52333,O'Bree,Principal,(08) 895 52333,cassie.obree@education.nt.gov.au
Bonya School,"Community ID 26, Orrtipa-Thurra (Bonya), NT","PMB 69, via Alice Springs, 0872, NT",mark.webster@education.nt.gov.au,(08) 8956 6352,Schmull,Administration Manager,(08) 895 11641,gary.schmull@education.nt.gov.au
Berry Springs Primary School,"1150 Cox Peninsula Rd, Berry Springs, 0838, NT","PO Box 135, Berry Springs, 0838, NT",berrysprings.primary@education.nt.gov.au,(08) 8988 6006,Alp,Administration Manager,(08) 8988 6495,wendy.alp@education.nt.gov.au
Centralian Senior College,"10 Grevillea Drive, Alice Springs, 0870, NT","PO Box 4856, ALICE SPRINGS, 0871, NT",admin.centraliansc@education.nt.gov.au,(08) 895 85000,Annesley,Business Manager,(08) 895 85005,laura.annesley1@education.nt.gov.au
Belyuen School,"N/A, Belyuen, NT","PMB 2, GPO Darwin, 0801, NT",elspeth.hurse@education.nt.gov.au,(08) 8978 5085,Hurse,Principal,(08) 8978 5085,elspeth.hurse@education.nt.gov.au
Bees Creek Primary School,"20 Sattler Cres, Freds Pass, NT","PO Box 2271, PALMERSTON, 0831, NT",bees.creek@education.nt.gov.au,(08) 8983 3222,Jordan,Principal,(08) 8983 3222,wendy.jordan@education.nt.gov.au
Batchelor Area School,"71 Kirra Cres, Batchelor, 0845, NT","c/-, Batchelor Post Office, 0845, NT",batchelor.as@education.nt.gov.au,(08) 8976 0077,Bilston,Administration Manager,(08) 8976 0077,carolyn.bilston@education.nt.gov.au
Barunga School,"N/A, Barunga  (Bamyili), NT","PMB 117, via Katherine, 0851, NT",office.barunga@education.nt.gov.au,(08) 8975 4502,Anastacio,Administration Manager,(08) 8972 5351,jianynne.anastacio1@education.nt.gov.au
Baniyala Garrangali School,"Yilpara Community, Yirrkala, 0880, NT","PO Box 1496, NHULUNBUY, 0881, NT",cameron.adams@education.nt.gov.au,(08) 8987 9114,Adams,Principal,(08) 8987 9114,cameron.adams@education.nt.gov.au
Bakewell Primary School,"1 Forrest Parade, Bakewell, 0832, NT","PO Box 1300, PALMERSTON, 0831, NT",admin.bakewell@education.nt.gov.au,(08) 899 77400,Carter,Assistant Principal 1,(08) 899 77400,erin.carter@education.nt.gov.au
Arlparra School,", Arlparra Community, Utopia, NT","PMB 18, via ALICE SPRINGS, 0872, NT",stephen.nimmo@education.nt.gov.au,(08) 8956 9178,Nimmo,Principal,(08) 8956 9178,stephen.nimmo@education.nt.gov.au
Araluen Christian School,"10 Blain St, Alice Springs, NT","10 Blain Street, Alice Springs, 0870, NT",admin.acc@ntschools.net,(08) 8955 3300,Lindsey,Principal,89550121,rosie.lindsey@ntschools.net
Areyonga School,"wsw of Hermannsburg, 224km from Alice Springs, Areyonga, NT","Areyonga, via Alice Springs, 0872, NT",areyonga.school@education.nt.gov.au,(08) 8956 7303,Churches,Administration Manager,(08) 895 11656,rowan.churches@education.nt.gov.au
Angurugu School,"N/A, Angurugu, NT","PO Box 40, Alyangula, Groote Eylandt, 0885, NT",admin.angurcec@education.nt.gov.au,(08) 8987 6355,Hughes,Principal,(08) 8987 6355,bryan.hughes@education.nt.gov.au
Ampilatwatja School,"N/A, Ampilatwatja (Ammaroo), NT",", PMB 84, Alice Springs, 0872, NT",katrina.georgiou@education.nt.gov.au,(08) 8956 9265,Cortez,Administration Manager,(08) 895 11637,gesheila.cortez@education.nt.gov.au
Anula Primary School,"73 Yanyula Dr, Anula, 0812, NT","Yanyula Drive, ANULA, 0812, NT",anula.admin@education.nt.gov.au,(08) 899 77500,Kealy,Principal,(08) 899 77500,melinda.kealy@education.nt.gov.au
Amoonguna School,"N/A, Amoonguna, NT","PO Box  2529,, Alice Springs, 0871, NT",cherie.gibbens@education.nt.gov.au,(08) 8952 3402,Foley,Administration Manager,(08) 895 11637,jodie.foley@education.nt.gov.au
Amanbidji School,"N/A, Amanbidgi (Kildirk), NT","PMB 16, via Katherine, 0851, NT",Carolyn.tucker@education.nt.gov.au,(08) 9168 7380,Angel,Administration Manager,(08) 8972 5347,kelly.angel1@education.nt.gov.au
Alyarrmandumanja Umbakumba School,"N/A, Umbakumba, NT","PO Box 698, Alyangula, 0885, NT",admin.umbakumba@education.nt.gov.au,(08) 8987 6793,Cartwright,Administration Manager,(08) 899 93548,donna.cartwright2@education.nt.gov.au
Alyangula Area School,"Cnr Flinders St & Ayawarra Cr, Alyangula, NT","PMB 3, Alyangula, Groote Eylandt, 0885, NT",alyangula.admin@education.nt.gov.au,(08) 8987 6366,DeBeer,Principal,(08) 8987 6366,theo.debeer@education.nt.gov.au
Alpurrurulam School,"N/A, Alpurrurulam (Lake Nash), NT","PMB 46, Mt Isa, 4825, QLD",daven.scott@education.nt.gov.au,(07) 4748 4887,Scott,Principal,(07) 4748 4887,daven.scott@education.nt.gov.au
Alice Springs Steiner School,"Lot 9523 Ragonesi Rd, Alice Springs, 0870, NT","PO Box 2736, Alice Springs, 0871, NT",accounts@alicesteiner.nt.edu.au,(08) 8953 4578,Hawkins,Business Manager,(08) 8953 4578,businessmanager@alicesteiner.nt.edu.au
